{
  "images" : [
    {
      "idiom" : "universal",
      "filename" : "pinwheel_flower_spin_wind_wheel_toy_fun_cartoon_postcard-r983b520d1a77419fb34d4d04ae43aa4d_vgbaq_8byvr_324.jpg",
      "scale" : "1x"
    },
    {
      "idiom" : "universal",
      "filename" : "pinwheel_flower_spin_wind_wheel_toy_fun_cartoon_postcard-r983b520d1a77419fb34d4d04ae43aa4d_vgbaq_8byvr_324-1.jpg",
      "scale" : "2x"
    },
    {
      "idiom" : "universal",
      "filename" : "pinwheel_flower_spin_wind_wheel_toy_fun_cartoon_postcard-r983b520d1a77419fb34d4d04ae43aa4d_vgbaq_8byvr_324-2.jpg",
      "scale" : "3x"
    }
  ],
  "info" : {
    "version" : 1,
    "author" : "xcode"
  }
}